allen-p,"[{'averageChar': 264.48405797101447}, {'averageWord': 45.040579710144925}, {'averageWordLength': 5.87212819357745}, {'averageSentenceCount': 1.0}, {'averageParagraphCount': 690.0}, {'shortWordDensity': 0.4105154771864341}, {'averagePolarityCount': 0.08716710450785638}, {'averageSubjectivityCount': 0.23686003506623438}]"
arnold-j,"[{'averageChar': 147.8893499308437}, {'averageWord': 25.035961272475795}, {'averageWordLength': 5.907076957074195}, {'averageSentenceCount': 1.0}, {'averageParagraphCount': 1446.0}, {'shortWordDensity': 0.41920335893044586}, {'averagePolarityCount': 0.03197202671648519}, {'averageSubjectivityCount': 0.24085978781847506}]"
arora-h,"[{'averageChar': 148.98529411764707}, {'averageWord': 27.985294117647058}, {'averageWordLength': 5.323699421965318}, {'averageSentenceCount': 1.0}, {'averageParagraphCount': 136.0}, {'shortWordDensity': 0.45612191276931163}, {'averagePolarityCount': 0.11138047359095153}, {'averageSubjectivityCount': 0.27510099462764903}]"
bass-e,"[{'averageChar': 124.34883720930233}, {'averageWord': 23.813953488372093}, {'averageWordLength': 5.2216796875}, {'averageSentenceCount': 1.0}, {'averageParagraphCount': 516.0}, {'shortWordDensity': 0.4855143229166667}, {'averagePolarityCount': 0.0775450299305016}, {'averageSubjectivityCount': 0.25058266620300457}]"
baughman-d,"[{'averageChar': 268.6875}, {'averageWord': 44.447916666666664}, {'averageWordLength': 6.044996484649637}, {'averageSentenceCount': 1.0}, {'averageParagraphCount': 192.0}, {'shortWordDensity': 0.40074994141082726}, {'averagePolarityCount': 0.08416177452759359}, {'averageSubjectivityCount': 0.2854491436388291}]"
beck-s,"[{'averageChar': 546.4087136929461}, {'averageWord': 93.41078838174273}, {'averageWordLength': 5.849524697938877}, {'averageSentenceCount': 1.0}, {'averageParagraphCount': 964.0}, {'shortWordDensity': 0.4058057924662402}, {'averagePolarityCount': 0.14858737011581713}, {'averageSubjectivityCount': 0.3289968657848436}]"
blair-l,"[{'averageChar': 189.33584499461787}, {'averageWord': 32.53928955866523}, {'averageWordLength': 5.818684045122233}, {'averageSentenceCount': 1.0}, {'averageParagraphCount': 1858.0}, {'shortWordDensity': 0.40983823480763504}, {'averagePolarityCount': 0.17944096840315069}, {'averageSubjectivityCount': 0.29018939923382925}]"
brawner-s,"[{'averageChar': 161.53424657534248}, {'averageWord': 29.383561643835616}, {'averageWordLength': 5.4974358974358974}, {'averageSentenceCount': 1.0}, {'averageParagraphCount': 146.0}, {'shortWordDensity': 0.4442890442890443}, {'averagePolarityCount': 0.12012340874498409}, {'averageSubjectivityCount': 0.32584759608732217}]"
buy-r,"[{'averageChar': 157.90769230769232}, {'averageWord': 29.43846153846154}, {'averageWordLength': 5.36399268356415}, {'averageSentenceCount': 1.0}, {'averageParagraphCount': 780.0}, {'shortWordDensity': 0.42809859768312863}, {'averagePolarityCount': 0.13712550319390093}, {'averageSubjectivityCount': 0.2896985718289689}]"
campbell-l,"[{'averageChar': 217.54700854700855}, {'averageWord': 38.99145299145299}, {'averageWordLength': 5.579351161771153}, {'averageSentenceCount': 1.0}, {'averageParagraphCount': 234.0}, {'shortWordDensity': 0.4355545813239807}, {'averagePolarityCount': 0.02453402740494135}, {'averageSubjectivityCount': 0.1966919263534158}]"
carson-m,"[{'averageChar': 117.26271186440678}, {'averageWord': 18.177966101694917}, {'averageWordLength': 6.450815850815851}, {'averageSentenceCount': 1.0}, {'averageParagraphCount': 236.0}, {'shortWordDensity': 0.4037296037296037}, {'averagePolarityCount': 0.05328979631571854}, {'averageSubjectivityCount': 0.18326089972027163}]"
cash-m,"[{'averageChar': 150.80550458715595}, {'averageWord': 27.18532110091743}, {'averageWordLength': 5.547313714902808}, {'averageSentenceCount': 1.0}, {'averageParagraphCount': 1090.0}, {'shortWordDensity': 0.42960313174946}, {'averagePolarityCount': 0.11397988134257209}, {'averageSubjectivityCount': 0.28494902633875097}]"
causholli-m,"[{'averageChar': 456.08035714285717}, {'averageWord': 65.79910714285714}, {'averageWordLength': 6.931406472623651}, {'averageSentenceCount': 1.0}, {'averageParagraphCount': 448.0}, {'shortWordDensity': 0.3538231901757243}, {'averagePolarityCount': 0.08488154577172127}, {'averageSubjectivityCount': 0.2314019215305355}]"
corman-s,"[{'averageChar': 308.9015873015873}, {'averageWord': 53.977777777777774}, {'averageWordLength': 5.722754807975063}, {'averageSentenceCount': 1.0}, {'averageParagraphCount': 1260.0}, {'shortWordDensity': 0.41510321707933895}, {'averagePolarityCount': 0.07707459207083887}, {'averageSubjectivityCount': 0.32572071904637856}]"
crandell-s,"[{'averageChar': 1433.5838926174497}, {'averageWord': 239.18791946308724}, {'averageWordLength': 5.993546395802351}, {'averageSentenceCount': 1.0}, {'averageParagraphCount': 298.0}, {'shortWordDensity': 0.4642105558517355}, {'averagePolarityCount': 0.0787801917168051}, {'averageSubjectivityCount': 0.3190354832956137}]"
cuilla-m,"[{'averageChar': 344.4}, {'averageWord': 45.207142857142856}, {'averageWordLength': 7.618265128772318}, {'averageSentenceCount': 1.0}, {'averageParagraphCount': 280.0}, {'shortWordDensity': 0.40938536893664085}, {'averagePolarityCount': 0.02945289468851825}, {'averageSubjectivityCount': 0.31105890020850574}]"
dasovich-j,"[{'averageChar': 440.4401114206128}, {'averageWord': 73.58426183844011}, {'averageWordLength': 5.985520550408358}, {'averageSentenceCount': 1.0}, {'averageParagraphCount': 2872.0}, {'shortWordDensity': 0.3876423102766237}, {'averagePolarityCount': 0.09076401208149122}, {'averageSubjectivityCount': 0.32596860622326795}]"
davis-d,"[{'averageChar': 108.54716981132076}, {'averageWord': 19.88679245283019}, {'averageWordLength': 5.458254269449715}, {'averageSentenceCount': 1.0}, {'averageParagraphCount': 106.0}, {'shortWordDensity': 0.4686907020872865}, {'averagePolarityCount': 0.07405790128372675}, {'averageSubjectivityCount': 0.2228712325410439}]"
delainey-d,"[{'averageChar': 156.77966101694915}, {'averageWord': 26.89830508474576}, {'averageWordLength': 5.828607435412729}, {'averageSentenceCount': 1.0}, {'averageParagraphCount': 118.0}, {'shortWordDensity': 0.4158790170132325}, {'averagePolarityCount': 0.07858583049261016}, {'averageSubjectivityCount': 0.19549365373517916}]"
derrick-j,"[{'averageChar': 68.26586620926244}, {'averageWord': 12.730703259005146}, {'averageWordLength': 5.362301266504986}, {'averageSentenceCount': 1.0}, {'averageParagraphCount': 1166.0}, {'shortWordDensity': 0.47763406090002697}, {'averagePolarityCount': 0.12665864414792372}, {'averageSubjectivityCount': 0.13498251876768175}]"
donoho-l,"[{'averageChar': 257.91244239631334}, {'averageWord': 46.064516129032256}, {'averageWordLength': 5.598939575830332}, {'averageSentenceCount': 1.0}, {'averageParagraphCount': 434.0}, {'shortWordDensity': 0.4414765906362545}, {'averagePolarityCount': 0.07258357496742984}, {'averageSubjectivityCount': 0.31898564242203237}]"
dorland-c,"[{'averageChar': 122.68313458262351}, {'averageWord': 23.601362862010223}, {'averageWordLength': 5.198137721957558}, {'averageSentenceCount': 1.0}, {'averageParagraphCount': 1174.0}, {'shortWordDensity': 0.46520860401328135}, {'averagePolarityCount': 0.0520475654958378}, {'averageSubjectivityCount': 0.2612735502999588}]"
farmer-d,"[{'averageChar': 267.98062015503876}, {'averageWord': 45.833333333333336}, {'averageWordLength': 5.846849894291755}, {'averageSentenceCount': 1.0}, {'averageParagraphCount': 516.0}, {'shortWordDensity': 0.4211416490486258}, {'averagePolarityCount': 0.06303860979087203}, {'averageSubjectivityCount': 0.21004758725991252}]"
fischer-m,"[{'averageChar': 186.5483870967742}, {'averageWord': 32.774193548387096}, {'averageWordLength': 5.691929133858268}, {'averageSentenceCount': 1.0}, {'averageParagraphCount': 124.0}, {'shortWordDensity': 0.4404527559055118}, {'averagePolarityCount': 0.08034601002342937}, {'averageSubjectivityCount': 0.27819964720166335}]"
forney-j,"[{'averageChar': 3484.8310185185187}, {'averageWord': 194.69212962962962}, {'averageWordLength': 17.89918793917272}, {'averageSentenceCount': 1.0}, {'averageParagraphCount': 864.0}, {'shortWordDensity': 0.17663214714589748}, {'averagePolarityCount': 0.09999016419074068}, {'averageSubjectivityCount': 0.29278827133700874}]"
gang-l,"[{'averageChar': 122.32222222222222}, {'averageWord': 22.22222222222222}, {'averageWordLength': 5.5045}, {'averageSentenceCount': 1.0}, {'averageParagraphCount': 180.0}, {'shortWordDensity': 0.448}, {'averagePolarityCount': 0.04461881713965048}, {'averageSubjectivityCount': 0.2622916366041367}]"
geaccone-t,"[{'averageChar': 74.40273972602739}, {'averageWord': 14.271232876712329}, {'averageWordLength': 5.213476674985602}, {'averageSentenceCount': 1.0}, {'averageParagraphCount': 730.0}, {'shortWordDensity': 0.4661163371088501}, {'averagePolarityCount': 0.09029897627378056}, {'averageSubjectivityCount': 0.20025956306142217}]"
germany-c,"[{'averageChar': 274.0657797487066}, {'averageWord': 42.92461197339246}, {'averageWordLength': 6.384816708852041}, {'averageSentenceCount': 1.0}, {'averageParagraphCount': 2706.0}, {'shortWordDensity': 0.4256934759026809}, {'averagePolarityCount': 0.06744776615212744}, {'averageSubjectivityCount': 0.2888789446041891}]"
giron-d,"[{'averageChar': 117.35526315789474}, {'averageWord': 21.075657894736842}, {'averageWordLength': 5.56828468862182}, {'averageSentenceCount': 1.0}, {'averageParagraphCount': 608.0}, {'shortWordDensity': 0.45028874668331514}, {'averagePolarityCount': 0.029708332291630467}, {'averageSubjectivityCount': 0.198586312786633}]"
grigsby-m,"[{'averageChar': 137.12671232876713}, {'averageWord': 24.424657534246574}, {'averageWordLength': 5.614273696017947}, {'averageSentenceCount': 1.0}, {'averageParagraphCount': 584.0}, {'shortWordDensity': 0.428771733034212}, {'averagePolarityCount': 0.08128082232962368}, {'averageSubjectivityCount': 0.2456343708612545}]"
haedicke-m,"[{'averageChar': 109.60344827586206}, {'averageWord': 19.603448275862068}, {'averageWordLength': 5.591029023746702}, {'averageSentenceCount': 1.0}, {'averageParagraphCount': 232.0}, {'shortWordDensity': 0.4177660510114336}, {'averagePolarityCount': 0.1510842954539075}, {'averageSubjectivityCount': 0.2585407037885485}]"
hayslett-r,"[{'averageChar': 78.19136960600375}, {'averageWord': 14.930581613508442}, {'averageWordLength': 5.236994219653179}, {'averageSentenceCount': 1.0}, {'averageParagraphCount': 1066.0}, {'shortWordDensity': 0.4731088213118874}, {'averagePolarityCount': 0.07227829823652582}, {'averageSubjectivityCount': 0.2000640728191693}]"
heard-m,"[{'averageChar': 213.23341836734693}, {'averageWord': 34.85331632653061}, {'averageWordLength': 6.118023787740165}, {'averageSentenceCount': 1.0}, {'averageParagraphCount': 1568.0}, {'shortWordDensity': 0.4055626715462031}, {'averagePolarityCount': 0.06363114795131257}, {'averageSubjectivityCount': 0.25829119212290413}]"
hendrickson-s,"[{'averageChar': 330.3538461538462}, {'averageWord': 58.261538461538464}, {'averageWordLength': 5.670187483496171}, {'averageSentenceCount': 1.0}, {'averageParagraphCount': 130.0}, {'shortWordDensity': 0.42619487721151306}, {'averagePolarityCount': 0.046864632771198136}, {'averageSubjectivityCount': 0.24940642706762786}]"
hernandez-j,"[{'averageChar': 182.36507936507937}, {'averageWord': 30.952380952380953}, {'averageWordLength': 5.891794871794872}, {'averageSentenceCount': 1.0}, {'averageParagraphCount': 126.0}, {'shortWordDensity': 0.42923076923076925}, {'averagePolarityCount': 0.11666980653091764}, {'averageSubjectivityCount': 0.23701689991372527}]"
hodge-j,"[{'averageChar': 295.46875}, {'averageWord': 31.697916666666668}, {'averageWordLength': 9.321393361814}, {'averageSentenceCount': 1.0}, {'averageParagraphCount': 192.0}, {'shortWordDensity': 0.30791981597108115}, {'averagePolarityCount': 0.07394580101611352}, {'averageSubjectivityCount': 0.2072244253762111}]"
horton-s,"[{'averageChar': 300.4013157894737}, {'averageWord': 49.18421052631579}, {'averageWordLength': 6.107677902621723}, {'averageSentenceCount': 1.0}, {'averageParagraphCount': 304.0}, {'shortWordDensity': 0.4074371321562333}, {'averagePolarityCount': 0.15058123750640204}, {'averageSubjectivityCount': 0.37431496777467194}]"
hyatt-k,"[{'averageChar': 245.03426791277258}, {'averageWord': 43.25233644859813}, {'averageWordLength': 5.665226159608182}, {'averageSentenceCount': 1.0}, {'averageParagraphCount': 642.0}, {'shortWordDensity': 0.4230769230769231}, {'averagePolarityCount': 0.06856855718606152}, {'averageSubjectivityCount': 0.2991820896859837}]"
jones-t,"[{'averageChar': 138.22044728434506}, {'averageWord': 24.968051118210862}, {'averageWordLength': 5.535892514395393}, {'averageSentenceCount': 1.0}, {'averageParagraphCount': 626.0}, {'shortWordDensity': 0.44273832373640437}, {'averagePolarityCount': 0.06613956728396642}, {'averageSubjectivityCount': 0.19139743712741558}]"
kaminski-v,"[{'averageChar': 134.0123820754717}, {'averageWord': 20.57134433962264}, {'averageWordLength': 6.514517469689587}, {'averageSentenceCount': 1.0}, {'averageParagraphCount': 3392.0}, {'shortWordDensity': 0.38717074149445385}, {'averagePolarityCount': 0.05470397066395416}, {'averageSubjectivityCount': 0.1358739332622155}]"
kean-s,"[{'averageChar': 210.0065502183406}, {'averageWord': 34.63100436681223}, {'averageWordLength': 6.064119538490638}, {'averageSentenceCount': 1.0}, {'averageParagraphCount': 916.0}, {'shortWordDensity': 0.39795725364100626}, {'averagePolarityCount': 0.08862442120472759}, {'averageSubjectivityCount': 0.23198832013104087}]"
keiser-k,"[{'averageChar': 180.07671232876712}, {'averageWord': 31.572602739726026}, {'averageWordLength': 5.703575147518223}, {'averageSentenceCount': 1.0}, {'averageParagraphCount': 730.0}, {'shortWordDensity': 0.4258070114543561}, {'averagePolarityCount': 0.05636827014436604}, {'averageSubjectivityCount': 0.24108626861523633}]"
kitchen-l,"[{'averageChar': 144.65194346289752}, {'averageWord': 24.093639575971732}, {'averageWordLength': 6.0037398254748116}, {'averageSentenceCount': 1.0}, {'averageParagraphCount': 2264.0}, {'shortWordDensity': 0.42065703600498644}, {'averagePolarityCount': 0.059873022592069676}, {'averageSubjectivityCount': 0.24798930990200124}]"
kuykendall-t,"[{'averageChar': 162.53488372093022}, {'averageWord': 31.37984496124031}, {'averageWordLength': 5.179594861660079}, {'averageSentenceCount': 1.0}, {'averageParagraphCount': 258.0}, {'shortWordDensity': 0.4688735177865613}, {'averagePolarityCount': 0.11119957746340542}, {'averageSubjectivityCount': 0.31309637258472534}]"
lavorato-j,"[{'averageChar': 110.00296735905044}, {'averageWord': 19.339762611275965}, {'averageWordLength': 5.687917146144994}, {'averageSentenceCount': 1.0}, {'averageParagraphCount': 1348.0}, {'shortWordDensity': 0.42577675489067895}, {'averagePolarityCount': 0.05130295051074495}, {'averageSubjectivityCount': 0.2291497526271815}]"
lenhart-m,"[{'averageChar': 92.76792698826597}, {'averageWord': 18.73794002607562}, {'averageWordLength': 4.95080712496521}, {'averageSentenceCount': 1.0}, {'averageParagraphCount': 1534.0}, {'shortWordDensity': 0.49269412747008073}, {'averagePolarityCount': 0.07111168083269745}, {'averageSubjectivityCount': 0.2686189395188425}]"
lokay-m,"[{'averageChar': 186.67701863354037}, {'averageWord': 28.236024844720497}, {'averageWordLength': 6.611306643202815}, {'averageSentenceCount': 1.0}, {'averageParagraphCount': 322.0}, {'shortWordDensity': 0.3515178178618566}, {'averagePolarityCount': 0.05875902721288701}, {'averageSubjectivityCount': 0.19108892594473773}]"
lokey-t,"[{'averageChar': 120.3781512605042}, {'averageWord': 21.294117647058822}, {'averageWordLength': 5.653117600631413}, {'averageSentenceCount': 1.0}, {'averageParagraphCount': 238.0}, {'shortWordDensity': 0.43764798737174426}, {'averagePolarityCount': 0.09372497624356059}, {'averageSubjectivityCount': 0.2309998816034691}]"
love-p,"[{'averageChar': 167.43405676126878}, {'averageWord': 30.22871452420701}, {'averageWordLength': 5.538907604793726}, {'averageSentenceCount': 1.0}, {'averageParagraphCount': 1198.0}, {'shortWordDensity': 0.45672944165239965}, {'averagePolarityCount': 0.05379195463228573}, {'averageSubjectivityCount': 0.241360085345335}]"
lucci-p,"[{'averageChar': 149.47435897435898}, {'averageWord': 29.316239316239315}, {'averageWordLength': 5.09868804664723}, {'averageSentenceCount': 1.0}, {'averageParagraphCount': 468.0}, {'shortWordDensity': 0.4728862973760933}, {'averagePolarityCount': 0.04018536343704231}, {'averageSubjectivityCount': 0.3388468254892502}]"
maggi-m,"[{'averageChar': 36.0948275862069}, {'averageWord': 6.439655172413793}, {'averageWordLength': 5.605087014725569}, {'averageSentenceCount': 1.0}, {'averageParagraphCount': 232.0}, {'shortWordDensity': 0.46987951807228917}, {'averagePolarityCount': 0.059825735806339236}, {'averageSubjectivityCount': 0.2581455721003135}]"
mann-k,"[{'averageChar': 99.5}, {'averageWord': 18.657894736842106}, {'averageWordLength': 5.332863187588153}, {'averageSentenceCount': 1.0}, {'averageParagraphCount': 532.0}, {'shortWordDensity': 0.4553697360467459}, {'averagePolarityCount': 0.09322714479199436}, {'averageSubjectivityCount': 0.28899861938395793}]"
martin-t,"[{'averageChar': 232.3930131004367}, {'averageWord': 43.1528384279476}, {'averageWordLength': 5.3853470957296095}, {'averageSentenceCount': 1.0}, {'averageParagraphCount': 458.0}, {'shortWordDensity': 0.44950414895770086}, {'averagePolarityCount': 0.05998200947378743}, {'averageSubjectivityCount': 0.2861790729521091}]"
mccarty-d,"[{'averageChar': 184.0872093023256}, {'averageWord': 32.906976744186046}, {'averageWordLength': 5.594169611307421}, {'averageSentenceCount': 1.0}, {'averageParagraphCount': 344.0}, {'shortWordDensity': 0.42367491166077736}, {'averagePolarityCount': 0.04783672858866658}, {'averageSubjectivityCount': 0.264744344784558}]"
mcconnell-m,"[{'averageChar': 297.4818181818182}, {'averageWord': 44.63636363636363}, {'averageWordLength': 6.664562118126273}, {'averageSentenceCount': 1.0}, {'averageParagraphCount': 220.0}, {'shortWordDensity': 0.3885947046843177}, {'averagePolarityCount': 0.06680148175767579}, {'averageSubjectivityCount': 0.2861635817521105}]"
mckay-j,"[{'averageChar': 192.44256756756758}, {'averageWord': 34.65878378378378}, {'averageWordLength': 5.552490496149722}, {'averageSentenceCount': 1.0}, {'averageParagraphCount': 592.0}, {'shortWordDensity': 0.455892387172239}, {'averagePolarityCount': 0.06580373588650522}, {'averageSubjectivityCount': 0.2499338649459087}]"
mclaughlin-e,"[{'averageChar': 117.13084112149532}, {'averageWord': 16.49532710280374}, {'averageWordLength': 7.10084985835694}, {'averageSentenceCount': 1.0}, {'averageParagraphCount': 214.0}, {'shortWordDensity': 0.4623229461756374}, {'averagePolarityCount': 0.08996228978705618}, {'averageSubjectivityCount': 0.25303426454127376}]"
mims-thurston-p,"[{'averageChar': 305.7947598253275}, {'averageWord': 54.13973799126637}, {'averageWordLength': 5.648249717696403}, {'averageSentenceCount': 1.0}, {'averageParagraphCount': 458.0}, {'shortWordDensity': 0.435392805291176}, {'averagePolarityCount': 0.0681831644208802}, {'averageSubjectivityCount': 0.3664831347782183}]"
neal-s,"[{'averageChar': 112.54867256637168}, {'averageWord': 17.199115044247787}, {'averageWordLength': 6.54386416259326}, {'averageSentenceCount': 1.0}, {'averageParagraphCount': 452.0}, {'shortWordDensity': 0.378698224852071}, {'averagePolarityCount': 0.06373580390351091}, {'averageSubjectivityCount': 0.19172442610416693}]"
nemec-g,"[{'averageChar': 174.40840336134454}, {'averageWord': 30.8}, {'averageWordLength': 5.662610498744953}, {'averageSentenceCount': 1.0}, {'averageParagraphCount': 1190.0}, {'shortWordDensity': 0.434955800502019}, {'averagePolarityCount': 0.07929832659071945}, {'averageSubjectivityCount': 0.26806109993423977}]"
parks-j,"[{'averageChar': 79.74239713774597}, {'averageWord': 14.14490161001789}, {'averageWordLength': 5.637536360187176}, {'averageSentenceCount': 1.0}, {'averageParagraphCount': 1118.0}, {'shortWordDensity': 0.4279752118376122}, {'averagePolarityCount': 0.035738132991039936}, {'averageSubjectivityCount': 0.1796854034208685}]"
pereira-s,"[{'averageChar': 260.61333333333334}, {'averageWord': 46.413333333333334}, {'averageWordLength': 5.615053145647803}, {'averageSentenceCount': 0.9866666666666667}, {'averageParagraphCount': 148.0}, {'shortWordDensity': 0.40361964952599827}, {'averagePolarityCount': 0.062413760693861266}, {'averageSubjectivityCount': 0.29668590905156994}]"
perlingiere-d,"[{'averageChar': 187.70790378006873}, {'averageWord': 27.946735395189002}, {'averageWordLength': 6.716630802336305}, {'averageSentenceCount': 1.0}, {'averageParagraphCount': 1164.0}, {'shortWordDensity': 0.3774362127267138}, {'averagePolarityCount': 0.08191532765112448}, {'averageSubjectivityCount': 0.23713845630376879}]"
pimenov-v,"[{'averageChar': 159.2054794520548}, {'averageWord': 26.945205479452056}, {'averageWordLength': 5.9084900864260295}, {'averageSentenceCount': 1.0}, {'averageParagraphCount': 146.0}, {'shortWordDensity': 0.41382816471784445}, {'averagePolarityCount': 0.09679785254699638}, {'averageSubjectivityCount': 0.165466726956453}]"
platter-p,"[{'averageChar': 190.9158878504673}, {'averageWord': 32.00934579439252}, {'averageWordLength': 5.964379562043796}, {'averageSentenceCount': 1.0}, {'averageParagraphCount': 214.0}, {'shortWordDensity': 0.42656934306569344}, {'averagePolarityCount': 0.061711200289189326}, {'averageSubjectivityCount': 0.23219780230213682}]"
presto-k,"[{'averageChar': 1330.547071129707}, {'averageWord': 79.75627615062761}, {'averageWordLength': 16.68266292444293}, {'averageSentenceCount': 1.0}, {'averageParagraphCount': 1912.0}, {'shortWordDensity': 0.1855941873122877}, {'averagePolarityCount': 0.09309157058707149}, {'averageSubjectivityCount': 0.2796411411550154}]"
quigley-d,"[{'averageChar': 665.1086956521739}, {'averageWord': 46.30237154150198}, {'averageWordLength': 14.364462845191856}, {'averageSentenceCount': 1.0}, {'averageParagraphCount': 1012.0}, {'shortWordDensity': 0.25485509411413204}, {'averagePolarityCount': 0.09919297141061527}, {'averageSubjectivityCount': 0.22072410985570146}]"
rapp-b,"[{'averageChar': 245.52884615384616}, {'averageWord': 42.73076923076923}, {'averageWordLength': 5.745949594959496}, {'averageSentenceCount': 1.0}, {'averageParagraphCount': 208.0}, {'shortWordDensity': 0.40481548154815483}, {'averagePolarityCount': 0.12573745507384781}, {'averageSubjectivityCount': 0.3377857436420957}]"
reitmeyer-j,"[{'averageChar': 165.78947368421052}, {'averageWord': 31.017543859649123}, {'averageWordLength': 5.345022624434389}, {'averageSentenceCount': 1.0}, {'averageParagraphCount': 114.0}, {'shortWordDensity': 0.4496606334841629}, {'averagePolarityCount': 0.09011531872508326}, {'averageSubjectivityCount': 0.31860474301783165}]"
richey-c,"[{'averageChar': 187.3012048192771}, {'averageWord': 35.76706827309237}, {'averageWordLength': 5.2366943633505505}, {'averageSentenceCount': 1.0}, {'averageParagraphCount': 498.0}, {'shortWordDensity': 0.45699528407814954}, {'averagePolarityCount': 0.07215323038009676}, {'averageSubjectivityCount': 0.3429017898302003}]"
ring-r,"[{'averageChar': 378.5882352941176}, {'averageWord': 61.333333333333336}, {'averageWordLength': 6.172634271099744}, {'averageSentenceCount': 1.0}, {'averageParagraphCount': 102.0}, {'shortWordDensity': 0.3772378516624041}, {'averagePolarityCount': 0.02438383026826423}, {'averageSubjectivityCount': 0.18518223981752158}]"
rogers-b,"[{'averageChar': 179.66666666666666}, {'averageWord': 34.48888888888889}, {'averageWordLength': 5.209407216494846}, {'averageSentenceCount': 1.0}, {'averageParagraphCount': 180.0}, {'shortWordDensity': 0.43588917525773196}, {'averagePolarityCount': 0.105620286958779}, {'averageSubjectivityCount': 0.295990668018049}]"
ruscitti-k,"[{'averageChar': 562.5753424657535}, {'averageWord': 81.94520547945206}, {'averageWordLength': 6.865262454028753}, {'averageSentenceCount': 1.0}, {'averageParagraphCount': 146.0}, {'shortWordDensity': 0.36225342694750917}, {'averagePolarityCount': 0.08944488384038142}, {'averageSubjectivityCount': 0.3902278491785693}]"
sager-e,"[{'averageChar': 156.86746987951807}, {'averageWord': 26.46265060240964}, {'averageWordLength': 5.927881988708796}, {'averageSentenceCount': 1.0}, {'averageParagraphCount': 830.0}, {'shortWordDensity': 0.43116008013112367}, {'averagePolarityCount': 0.09855899244305875}, {'averageSubjectivityCount': 0.26481944025736537}]"
salisbury-h,"[{'averageChar': 181.79136690647482}, {'averageWord': 26.81294964028777}, {'averageWordLength': 6.779983901261068}, {'averageSentenceCount': 1.0}, {'averageParagraphCount': 278.0}, {'shortWordDensity': 0.3949557284679367}, {'averagePolarityCount': 0.04670148532885616}, {'averageSubjectivityCount': 0.19723809185630636}]"
sanchez-m,"[{'averageChar': 340.8333333333333}, {'averageWord': 59.15686274509804}, {'averageWordLength': 5.761518064302287}, {'averageSentenceCount': 1.0}, {'averageParagraphCount': 204.0}, {'shortWordDensity': 0.4235996022538946}, {'averagePolarityCount': 0.08930828275914535}, {'averageSubjectivityCount': 0.2918082454940704}]"
sanders-r,"[{'averageChar': 139.7468982630273}, {'averageWord': 23.325062034739453}, {'averageWordLength': 5.991276595744681}, {'averageSentenceCount': 1.0}, {'averageParagraphCount': 806.0}, {'shortWordDensity': 0.4401063829787234}, {'averagePolarityCount': 0.03660748058981891}, {'averageSubjectivityCount': 0.1843350729638012}]"
scholtes-d,"[{'averageChar': 150.256}, {'averageWord': 26.488}, {'averageWordLength': 5.672606463304137}, {'averageSentenceCount': 1.0}, {'averageParagraphCount': 250.0}, {'shortWordDensity': 0.44820295983086683}, {'averagePolarityCount': 0.04332297138047137}, {'averageSubjectivityCount': 0.19343528779862115}]"
schoolcraft-d,"[{'averageChar': 148.8108108108108}, {'averageWord': 23.534303534303536}, {'averageWordLength': 6.323144876325088}, {'averageSentenceCount': 1.0}, {'averageParagraphCount': 962.0}, {'shortWordDensity': 0.4101590106007067}, {'averagePolarityCount': 0.05182414157787759}, {'averageSubjectivityCount': 0.14168634362698418}]"
schwieger-j,"[{'averageChar': 244.88079470198676}, {'averageWord': 43.65562913907285}, {'averageWordLength': 5.609375}, {'averageSentenceCount': 1.0}, {'averageParagraphCount': 302.0}, {'shortWordDensity': 0.4227851941747573}, {'averagePolarityCount': 0.07601420035704427}, {'averageSubjectivityCount': 0.26166256001097704}]"
scott-s,"[{'averageChar': 511.7166172106825}, {'averageWord': 81.6186943620178}, {'averageWordLength': 6.269600625329479}, {'averageSentenceCount': 1.0}, {'averageParagraphCount': 1348.0}, {'shortWordDensity': 0.41904346403446585}, {'averagePolarityCount': 0.08758980353873445}, {'averageSubjectivityCount': 0.3569954453005503}]"
semperger-c,"[{'averageChar': 182.77358490566039}, {'averageWord': 35.04150943396226}, {'averageWordLength': 5.215916433340513}, {'averageSentenceCount': 1.0}, {'averageParagraphCount': 530.0}, {'shortWordDensity': 0.46553952186086583}, {'averagePolarityCount': 0.13868879850251153}, {'averageSubjectivityCount': 0.34076868593419424}]"
shackleton-s,"[{'averageChar': 218.0268562401264}, {'averageWord': 34.707740916271725}, {'averageWordLength': 6.28179335457442}, {'averageSentenceCount': 1.0}, {'averageParagraphCount': 1266.0}, {'shortWordDensity': 0.3761037778789258}, {'averagePolarityCount': 0.04819000593350616}, {'averageSubjectivityCount': 0.2203123320257737}]"
shankman-j,"[{'averageChar': 63.779661016949156}, {'averageWord': 12.305084745762711}, {'averageWordLength': 5.183195592286501}, {'averageSentenceCount': 1.0}, {'averageParagraphCount': 118.0}, {'shortWordDensity': 0.48622589531680444}, {'averagePolarityCount': 0.05120405018710104}, {'averageSubjectivityCount': 0.21063734601870193}]"
shively-h,"[{'averageChar': 197.015625}, {'averageWord': 24.5546875}, {'averageWordLength': 8.023544384346167}, {'averageSentenceCount': 1.0}, {'averageParagraphCount': 256.0}, {'shortWordDensity': 0.3184855233853007}, {'averagePolarityCount': 0.08499703313179878}, {'averageSubjectivityCount': 0.1570258036505595}]"
skilling-j,"[{'averageChar': 1018.8148148148148}, {'averageWord': 144.9814814814815}, {'averageWordLength': 7.027206539787968}, {'averageSentenceCount': 1.0}, {'averageParagraphCount': 108.0}, {'shortWordDensity': 0.37054540809809683}, {'averagePolarityCount': 0.13181435238481448}, {'averageSubjectivityCount': 0.4047784963152938}]"
smith-m,"[{'averageChar': 233.28205128205127}, {'averageWord': 40.92307692307692}, {'averageWordLength': 5.700501253132832}, {'averageSentenceCount': 1.0}, {'averageParagraphCount': 468.0}, {'shortWordDensity': 0.4278404344193818}, {'averagePolarityCount': 0.05783286575299103}, {'averageSubjectivityCount': 0.3215091361677956}]"
solberg-g,"[{'averageChar': 186.33333333333334}, {'averageWord': 33.2}, {'averageWordLength': 5.612449799196787}, {'averageSentenceCount': 1.0}, {'averageParagraphCount': 120.0}, {'shortWordDensity': 0.464859437751004}, {'averagePolarityCount': 0.05652824374699373}, {'averageSubjectivityCount': 0.2206748887686388}]"
staab-t,"[{'averageChar': 183.98958333333334}, {'averageWord': 33.78125}, {'averageWordLength': 5.44650015417823}, {'averageSentenceCount': 1.0}, {'averageParagraphCount': 192.0}, {'shortWordDensity': 0.4662349676225717}, {'averagePolarityCount': 0.07237435830813806}, {'averageSubjectivityCount': 0.3618544586132011}]"
steffes-j,"[{'averageChar': 157.12980420594633}, {'averageWord': 27.87962291515591}, {'averageWordLength': 5.636008947614837}, {'averageSentenceCount': 1.0}, {'averageParagraphCount': 2758.0}, {'shortWordDensity': 0.414139312282162}, {'averagePolarityCount': 0.09205863107810179}, {'averageSubjectivityCount': 0.2975404904637728}]"
stepenovitch-j,"[{'averageChar': 172.75}, {'averageWord': 31.61842105263158}, {'averageWordLength': 5.463587182688307}, {'averageSentenceCount': 1.0}, {'averageParagraphCount': 152.0}, {'shortWordDensity': 0.47399084477736164}, {'averagePolarityCount': 0.18219904935159864}, {'averageSubjectivityCount': 0.2930197501592788}]"
storey-g,"[{'averageChar': 226.1014492753623}, {'averageWord': 30.369565217391305}, {'averageWordLength': 7.445001193032689}, {'averageSentenceCount': 1.0}, {'averageParagraphCount': 276.0}, {'shortWordDensity': 0.33929849677881174}, {'averagePolarityCount': 0.014635245268484861}, {'averageSubjectivityCount': 0.11924032429698657}]"
sturm-f,"[{'averageChar': 206.33742331288343}, {'averageWord': 34.28834355828221}, {'averageWordLength': 6.017713365539453}, {'averageSentenceCount': 1.0}, {'averageParagraphCount': 326.0}, {'shortWordDensity': 0.42154231526212205}, {'averagePolarityCount': 0.0630001016995659}, {'averageSubjectivityCount': 0.25130109691070945}]"
swerzbin-m,"[{'averageChar': 219.42465753424656}, {'averageWord': 33.3013698630137}, {'averageWordLength': 6.589058000822707}, {'averageSentenceCount': 1.0}, {'averageParagraphCount': 146.0}, {'shortWordDensity': 0.37967914438502676}, {'averagePolarityCount': 0.08924004386285424}, {'averageSubjectivityCount': 0.2105045116150791}]"
taylor-m,"[{'averageChar': 253.09140767824496}, {'averageWord': 43.45155393053017}, {'averageWordLength': 5.824680242342645}, {'averageSentenceCount': 1.0}, {'averageParagraphCount': 1094.0}, {'shortWordDensity': 0.42014473241332884}, {'averagePolarityCount': 0.07757207673553447}, {'averageSubjectivityCount': 0.30073871099200594}]"
tholt-j,"[{'averageChar': 111.81854838709677}, {'averageWord': 20.137096774193548}, {'averageWordLength': 5.552863436123348}, {'averageSentenceCount': 1.0}, {'averageParagraphCount': 496.0}, {'shortWordDensity': 0.45034040849018825}, {'averagePolarityCount': 0.04335095204667857}, {'averageSubjectivityCount': 0.20464243724918416}]"
thomas-p,"[{'averageChar': 302.4846625766871}, {'averageWord': 50.625766871165645}, {'averageWordLength': 5.974915172079496}, {'averageSentenceCount': 1.0}, {'averageParagraphCount': 326.0}, {'shortWordDensity': 0.4178380998545807}, {'averagePolarityCount': 0.08825579018550646}, {'averageSubjectivityCount': 0.23296782568074845}]"
tycholiz-b,"[{'averageChar': 204.6271186440678}, {'averageWord': 38.7909604519774}, {'averageWordLength': 5.275123798427032}, {'averageSentenceCount': 1.0}, {'averageParagraphCount': 708.0}, {'shortWordDensity': 0.45244683949898046}, {'averagePolarityCount': 0.09792556828074807}, {'averageSubjectivityCount': 0.29009641430228994}]"
ward-k,"[{'averageChar': 216.10339734121123}, {'averageWord': 39.34268833087149}, {'averageWordLength': 5.492847756711094}, {'averageSentenceCount': 1.0}, {'averageParagraphCount': 1354.0}, {'shortWordDensity': 0.45305049746574055}, {'averagePolarityCount': 0.0807448298043747}, {'averageSubjectivityCount': 0.26063291031129715}]"
watson-k,"[{'averageChar': 150.88156539649844}, {'averageWord': 28.325437693099897}, {'averageWordLength': 5.326716114019779}, {'averageSentenceCount': 1.0}, {'averageParagraphCount': 1942.0}, {'shortWordDensity': 0.46240546829552065}, {'averagePolarityCount': 0.11280458850744463}, {'averageSubjectivityCount': 0.27336279775661054}]"
weldon-c,"[{'averageChar': 179.53157894736842}, {'averageWord': 29.063157894736843}, {'averageWordLength': 6.177290836653387}, {'averageSentenceCount': 1.0}, {'averageParagraphCount': 380.0}, {'shortWordDensity': 0.41470481709525536}, {'averagePolarityCount': 0.04426605396018075}, {'averageSubjectivityCount': 0.22100624035372018}]"
whalley-g,"[{'averageChar': 134.75}, {'averageWord': 25.352941176470587}, {'averageWordLength': 5.314965197215777}, {'averageSentenceCount': 1.0}, {'averageParagraphCount': 136.0}, {'shortWordDensity': 0.43213457076566125}, {'averagePolarityCount': 0.026835715346744754}, {'averageSubjectivityCount': 0.2718155380839204}]"
white-s,"[{'averageChar': 159.73033707865167}, {'averageWord': 27.06741573033708}, {'averageWordLength': 5.901203819012038}, {'averageSentenceCount': 1.0}, {'averageParagraphCount': 890.0}, {'shortWordDensity': 0.4306351183063512}, {'averagePolarityCount': 0.09616563044662965}, {'averageSubjectivityCount': 0.28327597510613145}]"
whitt-m,"[{'averageChar': 107.1947194719472}, {'averageWord': 19.871287128712872}, {'averageWordLength': 5.394452748712839}, {'averageSentenceCount': 1.0}, {'averageParagraphCount': 606.0}, {'shortWordDensity': 0.4515861152632453}, {'averagePolarityCount': 0.0739931311016589}, {'averageSubjectivityCount': 0.23204817037826234}]"
williams-j,"[{'averageChar': 66.11627906976744}, {'averageWord': 12.651162790697674}, {'averageWordLength': 5.226102941176471}, {'averageSentenceCount': 1.0}, {'averageParagraphCount': 258.0}, {'shortWordDensity': 0.4522058823529412}, {'averagePolarityCount': 0.033202569087239515}, {'averageSubjectivityCount': 0.12671373991922927}]"
williams-w3,"[{'averageChar': 338.0423892100193}, {'averageWord': 60.57225433526011}, {'averageWordLength': 5.580812418487769}, {'averageSentenceCount': 1.0}, {'averageParagraphCount': 1038.0}, {'shortWordDensity': 0.44263129433470116}, {'averagePolarityCount': 0.09875592547808842}, {'averageSubjectivityCount': 0.3157607794613405}]"
wolfe-j,"[{'averageChar': 199.10752688172042}, {'averageWord': 34.655913978494624}, {'averageWordLength': 5.74526838349364}, {'averageSentenceCount': 1.0}, {'averageParagraphCount': 186.0}, {'shortWordDensity': 0.42072603164753336}, {'averagePolarityCount': 0.09349115838363149}, {'averageSubjectivityCount': 0.3380794849813667}]"
ybarbo-p,"[{'averageChar': 492.65811965811963}, {'averageWord': 55.87179487179487}, {'averageWordLength': 8.817653357809393}, {'averageSentenceCount': 1.0}, {'averageParagraphCount': 234.0}, {'shortWordDensity': 0.3648462597521799}, {'averagePolarityCount': 0.1146392046833388}, {'averageSubjectivityCount': 0.2811194854597208}]"
zipper-a,"[{'averageChar': 146.49137931034483}, {'averageWord': 26.278735632183906}, {'averageWordLength': 5.57452159650082}, {'averageSentenceCount': 1.0}, {'averageParagraphCount': 696.0}, {'shortWordDensity': 0.4562055768179333}, {'averagePolarityCount': 0.07205469934556208}, {'averageSubjectivityCount': 0.23466271918661427}]"
zufferli-j,"[{'averageChar': 116.33727810650888}, {'averageWord': 21.118343195266274}, {'averageWordLength': 5.508826001681143}, {'averageSentenceCount': 1.0}, {'averageParagraphCount': 676.0}, {'shortWordDensity': 0.438918464555898}, {'averagePolarityCount': 0.04849812721000029}, {'averageSubjectivityCount': 0.2170166766607078}]"
